No.,Equipment Item Number,Description,Location,Model Number,Serial Number,Tag Number,Manufacturer Name,Area,Area Number,Date Placed in Service,Removed from Service ,Supplier,Warranty Date ,Days until Expiration,Last Reading,Reading Measurement,Notes
1,134662,Acer Chromebook 3205U-1.5GHz 4GB 16GB-SSD MAC 6c29953e18f9,West Delta Middle School,,NXEF2AA0055080800D7600,,ACER,,CBC- E-5,,,Microserve,22-06-2016,"-1,678",,,CHROMEBOOK CART
2,134877,Acer Chromebook 3205U-1.5GHz 4GB 16GB-SSD MAC 6c299541b7e3,West Delta Middle School,,NXEF2AA005509049557600,,ACER,,SD-1,,,Microserve,22-06-2016,"-1,678",,,CHROMEBOOK CART
3,134886,Acer Chromebook 3205U-1.5GHz 4GB 16GB-SSD MAC 6c299541b7ed,West Delta Middle School,,NXEF2AA005509049607600,,ACER,,SD-10,,,Microserve,22-06-2016,"-1,678",,,CHROMEBOOK CART
4,134887,Acer Chromebook 3205U-1.5GHz 4GB 16GB-SSD MAC 6c299541d485,West Delta Middle School,,NXEF2AA005509049857600,,ACER,,SD-11,,,Microserve,22-06-2016,"-1,678",,,CHROMEBOOK CART
5,134605,Acer Chromebook 3205U-1.5GHz 4GB 16GB-SSD MAC 6c299541d5de,West Delta Middle School,,NXEF2AA005509049677600,,ACER,,CBC- A8,,,Microserve,22-06-2016,"-1,678",,,CHROMEBOOK CART
6,134890,Acer Chromebook 3205U-1.5GHz 4GB 16GB-SSD MAC 6c299541d5f2,West Delta Middle School,,NXEF2AA005509049847600,,ACER,,SD-14,,,Microserve,22-06-2016,"-1,678",,,CHROMEBOOK CART
7,134624,Acer Chromebook 3205U-1.5GHz 4GB 16GB-SSD MAC 6c299544f953,West Delta Middle School,,NXEF2AA005508080317600,,ACER,,CBC- B12,,,Microserve,22-06-2016,"-1,678",,,CHROMEBOOK CART
8,134832,Acer Chromebook 3205U-1.5GHz 4GB 16GB-SSD MAC 6c299545ce0a,West Delta Middle School,,NXEF2AA00550807EE07600,,ACER,,CBC-H-10,,,Microserve,22-06-2016,"-1,678",,,CHROMEBOOK CART
9,134601,Acer Chromebook 3205U-1.5GHz 4GB 16GB-SSD MAC 6c299545da44,West Delta Middle School,,NXEF2AA005509049587600,,ACER,,CBC- A4,,,Microserve,22-06-2016,"-1,678",,,CHROMEBOOK CART
10,134818,Acer Chromebook 3205U-1.5GHz 4GB 16GB-SSD MAC 6c299545da62,West Delta Middle School,,NXEF2AA005508080197600,,ACER,,CBC-G-11,,,Microserve,22-06-2016,"-1,678",,,CHROMEBOOK CART
11,134621,Acer Chromebook 3205U-1.5GHz 4GB 16GB-SSD MAC 6c299546060e,West Delta Middle School,,NXEF2AA0055090495C7600,,ACER,,CBC- B9,,,Microserve,22-06-2016,"-1,678",,,CHROMEBOOK CART
12,134607,Acer Chromebook 3205U-1.5GHz 4GB 16GB-SSD MAC 6c2995461aea,West Delta Middle School,,NXEF2AA005509049617600,,ACER,,CBC- A10,,,Microserve,22-06-2016,"-1,678",,,CHROMEBOOK CART
13,134613,Acer Chromebook 3205U-1.5GHz 4GB 16GB-SSD MAC 6c2995462d23,West Delta Middle School,,NXEF2AA00550807F667600,,ACER,,CBC- B2,,,Microserve,22-06-2016,"-1,678",,,CHROMEBOOK CART
14,134797,Acer Chromebook 3205U-1.5GHz 4GB 16GB-SSD MAC 6c2995464871,West Delta Middle School,,NXEF2AA0055090495B7600,,ACER,,CBC-F-5,,,Microserve,22-06-2016,"-1,678",,,CHROMEBOOK CART
15,134655,Acer Chromebook 3205U-1.5GHz 4GB 16GB-SSD MAC 6c2995465a50,West Delta Middle School,,NXEF2AA00550807EFF7600,,ACER,,CBC- D-13,,,Microserve,22-06-2016,"-1,678",,,CHROMEBOOK CART
16,134598,Acer Chromebook 3205U-1.5GHz 4GB 16GB-SSD MAC 6c299546a1a4,West Delta Middle School,,NXEF2AA0055090493A7600,,ACER,,CBC- A1,,,Microserve,22-06-2016,"-1,678",,,CHROMEBOOK CART
17,134651,Acer Chromebook 3205U-1.5GHz 4GB 16GB-SSD MAC 6c299546a3b6,West Delta Middle School,,NXEF2AA005509049407600,,ACER,,CBC- D-9,,,Microserve,22-06-2016,"-1,678",,,CHROMEBOOK CART
18,134622,Acer Chromebook 3205U-1.5GHz 4GB 16GB-SSD MAC 6c299546a6db,West Delta Middle School,,NXEF2AA0055080809B7600,,ACER,,CBC- B10,,,Microserve,22-06-2016,"-1,678",,,CHROMEBOOK CART
19,134671,Acer Chromebook 3205U-1.5GHz 4GB 16GB-SSD MAC 6c299546a6f9,West Delta Middle School,,NXEF2AA005508080947600,,ACER,,CBC- E-14,,,Microserve,22-06-2016,"-1,678",,,CHROMEBOOK CART
20,134799,Acer Chromebook 3205U-1.5GHz 4GB 16GB-SSD MAC 6c299546ac6c,West Delta Middle School,,NXEF2AA005508081ED7600,,ACER,,CBC-F-7,,,Microserve,22-06-2016,"-1,678",,,CHROMEBOOK CART
21,134794,Acer Chromebook 3205U-1.5GHz 4GB 16GB-SSD MAC 6c299546ce6d,West Delta Middle School,,NXEF2AA005508080967600,,ACER,,CBC-F-2,,,Microserve,22-06-2016,"-1,678",,,CHROMEBOOK CART
22,134660,Acer Chromebook 3205U-1.5GHz 4GB 16GB-SSD MAC 6c299546e7e0,West Delta Middle School,,NXEF2AA005509049757600,,ACER,,CBC- E-3,,,Microserve,22-06-2016,"-1,678",,,CHROMEBOOK CART
23,134828,Acer Chromebook 3205U-1.5GHz 4GB 16GB-SSD MAC 6c2995507dfa,West Delta Middle School,,NXEF2AA00551225B647600,,ACER,,CBC-H-6,,,Microserve,22-06-2016,"-1,678",,,CHROMEBOOK CART
24,134837,Acer Chromebook 3205U-1.5GHz 4GB 16GB-SSD MAC 6c299550cc24,West Delta Middle School,,NXEF2AA00551225B337600,,ACER,,CBC-H-15,,,Microserve,22-06-2016,"-1,678",,,CHROMEBOOK CART
25,134603,Acer Chromebook 3205U-1.5GHz 4GB 16GB-SSD MAC 6c299550e0a6,West Delta Middle School,,NXEF2AA005512259BF7600,,ACER,,CBC- A6,,,Microserve,22-06-2016,"-1,678",,,CHROMEBOOK CART
26,134608,Acer Chromebook 3205U-1.5GHz 4GB 16GB-SSD MAC 6c29955128b3,West Delta Middle School,,NXEF2AA005512259BE7600,,ACER,,CBC- A11,,,Microserve,22-06-2016,"-1,678",,,CHROMEBOOK CART
27,134796,Acer Chromebook 3205U-1.5GHz 4GB 16GB-SSD MAC 6c2995515004,West Delta Middle School,,NXEF2AA00551305F9C7600,,ACER,,CBC-F-4,,,Microserve,22-06-2016,"-1,678",,,CHROMEBOOK CART
28,134658,Acer Chromebook 3205U-1.5GHz 4GB 16GB-SSD MAC 6c299551600d,West Delta Middle School,,NXEF2AA00551305FC97600,,ACER,,CBC- E-1,,,Microserve,22-06-2016,"-1,678",,,CHROMEBOOK CART
29,134643,Acer Chromebook 3205U-1.5GHz 4GB 16GB-SSD MAC 6c29955178e0,West Delta Middle School,,NXEF2AA00551305E307600,,ACER,,CBC- D-1,,,Microserve,22-06-2016,"-1,678",,,CHROMEBOOK CART
30,134664,Acer Chromebook 3205U-1.5GHz 4GB 16GB-SSD MAC 6c2995517d09,West Delta Middle School,,NXEF2AA00551306F0F7600,,ACER,,CBC- E-7,,,Microserve,22-06-2016,"-1,678",,,CHROMEBOOK CART
31,134802,Acer Chromebook 3205U-1.5GHz 4GB 16GB-SSD MAC 6c2995519866,West Delta Middle School,,NXEF2AA00551225C187600,,ACER,,CBC-F-10,,,Microserve,22-06-2016,"-1,678",,,CHROMEBOOK CART
32,134611,Acer Chromebook 3205U-1.5GHz 4GB 16GB-SSD MAC 6c29955198b1,West Delta Middle School,,NXEF2AA00551225BFC7600,,ACER,,CBC- A14,,,Microserve,22-06-2016,"-1,678",,,CHROMEBOOK CART
33,134615,Acer Chromebook 3205U-1.5GHz 4GB 16GB-SSD MAC 6c299551c1b5,West Delta Middle School,,NXEF2AA00551305E657600,,ACER,,CBC- B3,,,Microserve,22-06-2016,"-1,678",,,CHROMEBOOK CART
34,134808,Acer Chromebook 3205U-1.5GHz 4GB 16GB-SSD MAC 6c299551ca70,West Delta Middle School,,NXEF2AA00551306D0B7600,,ACER,,CBC-G-1,,,Microserve,22-06-2016,"-1,678",,,CHROMEBOOK CART
35,134632,Acer Chromebook 3205U-1.5GHz 4GB 16GB-SSD MAC 6c299551cab6,West Delta Middle School,,NXEF2AA00551306F607600,,ACER,,CBC- C-5,,,Microserve,22-06-2016,"-1,678",,,CHROMEBOOK CART
36,134820,Acer Chromebook 3205U-1.5GHz 4GB 16GB-SSD MAC 6c299551ce71,West Delta Middle School,,NXEF2AA00551225C0F7600,,ACER,,CBC-G-13,,,Microserve,22-06-2016,"-1,678",,,CHROMEBOOK CART
37,134821,Acer Chromebook 3205U-1.5GHz 4GB 16GB-SSD MAC 6c299551d41b,West Delta Middle School,,NXEF2AA00551225C2A7600,,ACER,,CBC-G-14,,,Microserve,22-06-2016,"-1,678",,,CHROMEBOOK CART
38,134647,Acer Chromebook 3205U-1.5GHz 4GB 16GB-SSD MAC 6c299551d9de,West Delta Middle School,,NXEF2AA00551306D0A7600,,ACER,,CBC- D-5,,,Microserve,22-06-2016,"-1,678",,,CHROMEBOOK CART
39,134822,Acer Chromebook 3205U-1.5GHz 4GB 16GB-SSD MAC 6c299551da38,West Delta Middle School,,NXEF2AA00551225C237600,,ACER,,CBC-G-15,,,Microserve,22-06-2016,"-1,678",,,CHROMEBOOK CART
40,134805,Acer Chromebook 3205U-1.5GHz 4GB 16GB-SSD MAC 6c299551de34,West Delta Middle School,,NXEF2AA00551305FA37600,,ACER,,CBC-F-13,,,Microserve,22-06-2016,"-1,678",,,CHROMEBOOK CART
41,134813,Acer Chromebook 3205U-1.5GHz 4GB 16GB-SSD MAC 6c299551de61,West Delta Middle School,,NXEF2AA00551306D3C7600,,ACER,,CBC-G-6,,,Microserve,22-06-2016,"-1,678",,,CHROMEBOOK CART
42,134819,Acer Chromebook 3205U-1.5GHz 4GB 16GB-SSD MAC 6c299551de75,West Delta Middle School,,NXEF2AA00551306D317600,,ACER,,CBC-G-12,,,Microserve,22-06-2016,"-1,678",,,CHROMEBOOK CART
43,134610,Acer Chromebook 3205U-1.5GHz 4GB 16GB-SSD MAC 6c299551e0e6,West Delta Middle School,,NXEF2AA00551225BA87600,,ACER,,CBC- A13,,,Microserve,22-06-2016,"-1,678",,,CHROMEBOOK CART
44,134672,Acer Chromebook 3205U-1.5GHz 4GB 16GB-SSD MAC 6c299551ea05,West Delta Middle School,,NXEF2AA00551306EEA7600,,ACER,,CBC- E-15,,,Microserve,22-06-2016,"-1,678",,,CHROMEBOOK CART
45,134824,Acer Chromebook 3205U-1.5GHz 4GB 16GB-SSD MAC 6c299551f054,West Delta Middle School,deprovisioned April 6 by Darlene,NXEF2AA00551225C117600,written off per WO 134824,ACER,,CBC-H-2  removed,,,Microserve,22-06-2016,"-1,678",0.00,,CHROMEBOOK CART
46,134627,Acer Chromebook 3205U-1.5GHz 4GB 16GB-SSD MAC 6c299551f31f,West Delta Middle School,,NXEF2AA00551306D3A7600,,ACER,,CBC- B15,,,Microserve,22-06-2016,"-1,678",,,CHROMEBOOK CART
47,134645,Acer Chromebook 3205U-1.5GHz 4GB 16GB-SSD MAC 6c299551f784,West Delta Middle School,,NXEF2AA00551305DDF7600,,ACER,,CBC- D-3,,,Microserve,22-06-2016,"-1,678",,,CHROMEBOOK CART
48,134803,Acer Chromebook 3205U-1.5GHz 4GB 16GB-SSD MAC 6c299551fcac,West Delta Middle School,,NXEF2AA00551225C2B7600,,ACER,,CBC-F-11,,,Microserve,22-06-2016,"-1,678",,,CHROMEBOOK CART
49,134811,Acer Chromebook 3205U-1.5GHz 4GB 16GB-SSD MAC 6c299552064d,West Delta Middle School,,NXEF2AA00551225C287600,,ACER,,CBC-G-4,,,Microserve,22-06-2016,"-1,678",,,CHROMEBOOK CART
50,134652,Acer Chromebook 3205U-1.5GHz 4GB 16GB-SSD MAC 6c2995522010,West Delta Middle School,,NXEF2AA00551305F937600,,ACER,,CBC- D-10,,,Microserve,22-06-2016,"-1,678",,,CHROMEBOOK CART
51,134833,Acer Chromebook 3205U-1.5GHz 4GB 16GB-SSD MAC 6c299552236c,West Delta Middle School,,NXEF2AA005513062967600,,ACER,,CBC-H-11,,,Microserve,22-06-2016,"-1,678",,,CHROMEBOOK CART
52,134830,Acer Chromebook 3205U-1.5GHz 4GB 16GB-SSD MAC 6c2995522add,West Delta Middle School,,NXEF2AA00551305FD67600,,ACER,,CBC-H-8,,,Microserve,22-06-2016,"-1,678",,,CHROMEBOOK CART
53,134639,Acer Chromebook 3205U-1.5GHz 4GB 16GB-SSD MAC 6c2995522cea,West Delta Middle School,,NXEF2AA00551306F677600,,ACER,,CBC- C-12,,,Microserve,22-06-2016,"-1,678",,,CHROMEBOOK CART
54,134670,Acer Chromebook 3205U-1.5GHz 4GB 16GB-SSD MAC 6c2995523c08,West Delta Middle School,,NXEF2AA00551305EDA7600,,ACER,,CBC- E-13,,,Microserve,22-06-2016,"-1,678",,,CHROMEBOOK CART
55,134599,Acer Chromebook 3205U-1.5GHz 4GB 16GB-SSD MAC 6c29955250f3,West Delta Middle School,,NXEF2AA005513061667600,,ACER,,CBC- A2,,,Microserve,22-06-2016,"-1,678",,,CHROMEBOOK CART
56,134817,Acer Chromebook 3205U-1.5GHz 4GB 16GB-SSD MAC 6c2995525468,West Delta Middle School,,NXEF2AA00551306E8F7600,,ACER,,CBC-G-10,,,Microserve,22-06-2016,"-1,678",,,CHROMEBOOK CART
57,134823,Acer Chromebook 3205U-1.5GHz 4GB 16GB-SSD MAC 6c2995525f8f,West Delta Middle School,,NXEF2AA005513061D67600,,ACER,,CBC-H-1,,,Microserve,22-06-2016,"-1,678",,,CHROMEBOOK CART
58,134835,Acer Chromebook 3205U-1.5GHz 4GB 16GB-SSD MAC 6c2995525fc6,West Delta Middle School,,NXEF2AA005513061EE7600,,ACER,,CBC-H-13,,,Microserve,22-06-2016,"-1,678",,,CHROMEBOOK CART
59,134631,Acer Chromebook 3205U-1.5GHz 4GB 16GB-SSD MAC 6c29955263f4,West Delta Middle School,,NXEF2AA00551306EF47600,,ACER,,CBC- C-4,,,Microserve,22-06-2016,"-1,678",,,CHROMEBOOK CART
60,134793,Acer Chromebook 3205U-1.5GHz 4GB 16GB-SSD MAC 6c2995527966,West Delta Middle School,,NXEF2AA00551305EA87600,,ACER,,CBC-F-1,,,Microserve,22-06-2016,"-1,678",,,CHROMEBOOK CART
61,134612,Acer Chromebook 3205U-1.5GHz 4GB 16GB-SSD MAC 6c29955279c0,West Delta Middle School,,NXEF2AA00551306D267600,,ACER,,CBC- A15,,,Microserve,22-06-2016,"-1,678",,,CHROMEBOOK CART
62,134800,Acer Chromebook 3205U-1.5GHz 4GB 16GB-SSD MAC 6c29955279e3,West Delta Middle School,,NXEF2AA00551305F507600,,ACER,,CBC-F-8,,,Microserve,22-06-2016,"-1,678",,,CHROMEBOOK CART
63,134801,Acer Chromebook 3205U-1.5GHz 4GB 16GB-SSD MAC 6c29955279ed,West Delta Middle School,,NXEF2AA00551305F407600,,ACER,,CBC-F-9,,,Microserve,22-06-2016,"-1,678",,,CHROMEBOOK CART
64,134600,Acer Chromebook 3205U-1.5GHz 4GB 16GB-SSD MAC 6c2995527d9e,West Delta Middle School,,NXEF2AA00551306F947600,,ACER,,CBC- A3,,,Microserve,22-06-2016,"-1,678",,,CHROMEBOOK CART
65,134810,Acer Chromebook 3205U-1.5GHz 4GB 16GB-SSD MAC 6c29955284dd,West Delta Middle School,,NXEF2AA00551305F737600,,ACER,,CBC-G-3,,,Microserve,22-06-2016,"-1,678",,,CHROMEBOOK CART
66,134814,Acer Chromebook 3205U-1.5GHz 4GB 16GB-SSD MAC 6c2995528523,West Delta Middle School,,NXEF2AA00551305F607600,,ACER,,CBC-G-7,,,Microserve,22-06-2016,"-1,678",,,CHROMEBOOK CART
67,134878,Acer Chromebook 3205U-1.5GHz 4GB 16GB-SSD MAC 6c29955289f6,West Delta Middle School,,NXEF2AA005513061DE7600,,ACER,,SD-2,,,Microserve,22-06-2016,"-1,678",,,CHROMEBOOK CART
68,134659,Acer Chromebook 3205U-1.5GHz 4GB 16GB-SSD MAC 6c299552c94d,West Delta Middle School,,NXEF2AA005513061F67600,,ACER,,CBC- E-2,,,Microserve,22-06-2016,"-1,678",,,CHROMEBOOK CART
69,134623,Acer Chromebook 3205U-1.5GHz 4GB 16GB-SSD MAC 6c299552d1a4,West Delta Middle School,,NXEF2AA0055130615F7600,,ACER,,CBC- B11,,,Microserve,22-06-2016,"-1,678",,,CHROMEBOOK CART
70,134636,Acer Chromebook 3205U-1.5GHz 4GB 16GB-SSD MAC 6c299552dc99,West Delta Middle School,,NXEF2AA00551305F857600,,ACER,,CBC- C-9,,,Microserve,22-06-2016,"-1,678",,,CHROMEBOOK CART
71,134812,Acer Chromebook 3205U-1.5GHz 4GB 16GB-SSD MAC 6c299552de5b,West Delta Middle School,,NXEF2AA00551225C1F7600,,ACER,,CBC-G-5,,,Microserve,22-06-2016,"-1,678",,,CHROMEBOOK CART
72,134634,Acer Chromebook 3205U-1.5GHz 4GB 16GB-SSD MAC 6c299552e1e4,West Delta Middle School,,NXEF2AA005513061607600,,ACER,,CBC- C-7,,,Microserve,22-06-2016,"-1,678",,,CHROMEBOOK CART
73,134881,Acer Chromebook 3205U-1.5GHz 4GB 16GB-SSD MAC 6c299552e617,West Delta Middle School,,NXEF2AA00551225C0D7600,,ACER,,SD-CBC-I-05,,,Microserve,22-06-2016,"-1,678",0.00,,CHROMEBOOK CART
74,134885,Acer Chromebook 3205U-1.5GHz 4GB 16GB-SSD MAC 6c299552eb58,West Delta Middle School,,NXEF2AA00551305F887600,,ACER,,SD-9,,,Microserve,22-06-2016,"-1,678",,,CHROMEBOOK CART
75,134668,Acer Chromebook 3205U-1.5GHz 4GB 16GB-SSD MAC 6c299552f3be,West Delta Middle School,,NXEF2AA0055130614A7600,,ACER,,CBC- E-11,,,Microserve,22-06-2016,"-1,678",,,CHROMEBOOK CART
76,134665,Acer Chromebook 3205U-1.5GHz 4GB 16GB-SSD MAC 6c299552f530,West Delta Middle School,,NXEF2AA005513061627600,,ACER,,CBC- E-8,,,Microserve,22-06-2016,"-1,678",,,CHROMEBOOK CART
77,134815,Acer Chromebook 3205U-1.5GHz 4GB 16GB-SSD MAC 6c29955384b4,West Delta Middle School,,NXEF2AA00551305E047600,,ACER,,CBC-G-8,,,Microserve,22-06-2016,"-1,678",,,CHROMEBOOK CART
78,134825,Acer Chromebook 3205U-1.5GHz 4GB 16GB-SSD MAC 6c2995538536,West Delta Middle School,,NXEF2AA00551305F3D7600,,ACER,,CBC-H-3,,,Microserve,22-06-2016,"-1,678",,,CHROMEBOOK CART
79,134635,Acer Chromebook 3205U-1.5GHz 4GB 16GB-SSD MAC 6c2995538dec,West Delta Middle School,,NXEF2AA00551306FDC7600,,ACER,,CBC- C-8,,,Microserve,22-06-2016,"-1,678",,,CHROMEBOOK CART
80,134606,Acer Chromebook 3205U-1.5GHz 4GB 16GB-SSD MAC 6c2995539012,West Delta Middle School,,NXEF2AA00551306FEE7600,,ACER,,CBC- A9,,,Microserve,22-06-2016,"-1,678",,,CHROMEBOOK CART
81,134654,Acer Chromebook 3205U-1.5GHz 4GB 16GB-SSD MAC 6c299553935f,West Delta Middle School,,NXEF2AA00551306F8E7600,,ACER,,CBC- D-12,,,Microserve,22-06-2016,"-1,678",,,CHROMEBOOK CART
82,134604,Acer Chromebook 3205U-1.5GHz 4GB 16GB-SSD MAC 6c2995539eef,West Delta Middle School,,NXEF2AA00551305E1E7600,,ACER,,CBC- A7,,,Microserve,22-06-2016,"-1,678",,,CHROMEBOOK CART
83,134602,Acer Chromebook 3205U-1.5GHz 4GB 16GB-SSD MAC 6c299553a06b,West Delta Middle School,,NXEF2AA00551306FDE7600,,ACER,,CBC- A5,,,Microserve,22-06-2016,"-1,678",,,CHROMEBOOK CART
84,134646,Acer Chromebook 3205U-1.5GHz 4GB 16GB-SSD MAC 6c299553abfb,West Delta Middle School,,NXEF2AA00551306D5A7600,,ACER,,CBC- D-4,,,Microserve,22-06-2016,"-1,678",,,CHROMEBOOK CART
85,134625,Acer Chromebook 3205U-1.5GHz 4GB 16GB-SSD MAC 6c299553b38f,West Delta Middle School,,NXEF2AA00551306D627600,,ACER,,CBC- B13,,,Microserve,22-06-2016,"-1,678",,,CHROMEBOOK CART
86,134620,Acer Chromebook 3205U-1.5GHz 4GB 16GB-SSD MAC 6c299553ba06,West Delta Middle School,,NXEF2AA00551225B7D7600,,ACER,,CBC- B8,,,Microserve,22-06-2016,"-1,678",,,CHROMEBOOK CART
87,134882,Acer Chromebook 3205U-1.5GHz 4GB 16GB-SSD MAC 6c299553bf65,West Delta Middle School,,NXEF2AA00551305FAF7600,,ACER,,SD-CBC-I-06,,,Microserve,22-06-2016,"-1,678",0.00,,CHROMEBOOK CART
88,134618,Acer Chromebook 3205U-1.5GHz 4GB 16GB-SSD MAC 6c299553c2df,West Delta Middle School,,NXEF2AA00551306D847600,,ACER,,CBC- B6,,,Microserve,22-06-2016,"-1,678",,,CHROMEBOOK CART
89,134616,Acer Chromebook 3205U-1.5GHz 4GB 16GB-SSD MAC 6c299553c703,West Delta Middle School,,NXEF2AA00551305E967600,,ACER,,CBC- B4,,,Microserve,22-06-2016,"-1,678",,,CHROMEBOOK CART
90,134816,Acer Chromebook 3205U-1.5GHz 4GB 16GB-SSD MAC 6c299553c807,West Delta Middle School,,NXEF2AA00551305FB37600,,ACER,,CBC-G-9,,,Microserve,22-06-2016,"-1,678",,,CHROMEBOOK CART
91,134879,Acer Chromebook 3205U-1.5GHz 4GB 16GB-SSD MAC 6c299553c8e3,West Delta Middle School,,NXEF2AA00551305FB27600,,ACER,,SD-3,,,Microserve,22-06-2016,"-1,678",,,CHROMEBOOK CART
92,134653,Acer Chromebook 3205U-1.5GHz 4GB 16GB-SSD MAC 6c299553cb4f,West Delta Middle School,,NXEF2AA00551306F1F7600,,ACER,,CBC- D-11,,,Microserve,22-06-2016,"-1,678",,,CHROMEBOOK CART
93,134630,Acer Chromebook 3205U-1.5GHz 4GB 16GB-SSD MAC 6c299553cbf9,West Delta Middle School,,NXEF2AA00551305F9D7600,,ACER,,CBC- C-3,,,Microserve,22-06-2016,"-1,678",,,CHROMEBOOK CART
94,134883,Acer Chromebook 3205U-1.5GHz 4GB 16GB-SSD MAC 6c299553d6df,West Delta Middle School,,NXEF2AA005513061177600,,ACER,,SD-CBC-I-07,,,Microserve,22-06-2016,"-1,678",0.00,,CHROMEBOOK CART
95,134836,Acer Chromebook 3205U-1.5GHz 4GB 16GB-SSD MAC 6c299553d964,West Delta Middle School,,NXEF2AA00551305F627600,,ACER,,CBC-H-14,,,Microserve,22-06-2016,"-1,678",,,CHROMEBOOK CART
96,134637,Acer Chromebook 3205U-1.5GHz 4GB 16GB-SSD MAC 6c299553dfef,West Delta Middle School,,NXEF2AA00551305E3C7600,,ACER,,CBC- C-10,,,Microserve,22-06-2016,"-1,678",,,CHROMEBOOK CART
97,134619,Acer Chromebook 3205U-1.5GHz 4GB 16GB-SSD MAC 6c299553e4bd,West Delta Middle School,,NXEF2AA00551306ED67600,,ACER,,CBC- B7,,,Microserve,22-06-2016,"-1,678",,,CHROMEBOOK CART
98,134649,Acer Chromebook 3205U-1.5GHz 4GB 16GB-SSD MAC 6c299553e4db,West Delta Middle School,,NXEF2AA00551306ED17600,,ACER,,CBC- D-7,,,Microserve,22-06-2016,"-1,678",,,CHROMEBOOK CART
99,134628,Acer Chromebook 3205U-1.5GHz 4GB 16GB-SSD MAC 6c299553f4df,West Delta Middle School,,NXEF2AA00551306D677600,,ACER,,CBC- C-1,,,Microserve,22-06-2016,"-1,678",,,CHROMEBOOK CART
100,134642,Acer Chromebook 3205U-1.5GHz 4GB 16GB-SSD MAC 6c299553f52a,West Delta Middle School,,NXEF2AA00551305E117600,,ACER,,CBC- C-15,,,Microserve,22-06-2016,"-1,678",,,CHROMEBOOK CART
101,134626,Acer Chromebook 3205U-1.5GHz 4GB 16GB-SSD MAC 6c299553f548,West Delta Middle School,,NXEF2AA00551306D5B7600,,ACER,,CBC- B14,,,Microserve,22-06-2016,"-1,678",,,CHROMEBOOK CART
102,134629,Acer Chromebook 3205U-1.5GHz 4GB 16GB-SSD MAC 6c299553f8a4,West Delta Middle School,,NXEF2AA00551306EDB7600,,ACER,,CBC- C-2,,,Microserve,22-06-2016,"-1,678",,,CHROMEBOOK CART
103,134648,Acer Chromebook 3205U-1.5GHz 4GB 16GB-SSD MAC 6c299553fdb3,West Delta Middle School,,NXEF2AA00551306F997600,,ACER,,CBC- D-6,,,Microserve,22-06-2016,"-1,678",,,CHROMEBOOK CART
104,134614,Acer Chromebook 3205U-1.5GHz 4GB 16GB-SSD MAC 6c299553fdd1,West Delta Middle School,,NXEF2AA00551306F087600,,ACER,,CBC- B2,,,Microserve,22-06-2016,"-1,678",,,CHROMEBOOK CART
105,134650,Acer Chromebook 3205U-1.5GHz 4GB 16GB-SSD MAC 6c299553fe4e,West Delta Middle School,,NXEF2AA005513070027600,,ACER,,CBC- D-8,,,Microserve,22-06-2016,"-1,678",,,CHROMEBOOK CART
106,134617,Acer Chromebook 3205U-1.5GHz 4GB 16GB-SSD MAC 6c29955400e2,West Delta Middle School,,NXEF2AA00551306FFC7600,,ACER,,CBC- B5,,,Microserve,22-06-2016,"-1,678",,,CHROMEBOOK CART
107,134798,Acer Chromebook 3205U-1.5GHz 4GB 16GB-SSD MAC 6c2995540452,West Delta Middle School,,NXEF2AA00551305E0E7600,,ACER,,CBC-F-6,,,Microserve,22-06-2016,"-1,678",,,CHROMEBOOK CART
108,134640,Acer Chromebook 3205U-1.5GHz 4GB 16GB-SSD MAC 6c299554068c,West Delta Middle School,,NXEF2AA00551305E5C7600,,ACER,,CBC- C-13,,,Microserve,22-06-2016,"-1,678",,,CHROMEBOOK CART
109,134638,Acer Chromebook 3205U-1.5GHz 4GB 16GB-SSD MAC 6c2995540763,West Delta Middle School,,NXEF2AA00551305E427600,,ACER,,CBC- C-11,,,Microserve,22-06-2016,"-1,678",,,CHROMEBOOK CART
110,134609,Acer Chromebook 3205U-1.5GHz 4GB 16GB-SSD MAC 6c299554077c,West Delta Middle School,,NXEF2AA005513070047600,,ACER,,CBC- A12,,,Microserve,22-06-2016,"-1,678",,,CHROMEBOOK CART
111,134795,Acer Chromebook 3205U-1.5GHz 4GB 16GB-SSD MAC 6c2995540781,West Delta Middle School,,NXEF2AA005513070107600,,ACER,,CBC-F-3,,,Microserve,22-06-2016,"-1,678",,,CHROMEBOOK CART
112,134644,Acer Chromebook 3205U-1.5GHz 4GB 16GB-SSD MAC 6c2995540ba5,West Delta Middle School,,NXEF2AA00551305DCC7600,,ACER,,CBC- D-2,,,Microserve,22-06-2016,"-1,678",,,CHROMEBOOK CART
113,134656,Acer Chromebook 3205U-1.5GHz 4GB 16GB-SSD MAC 6c2995540c18,West Delta Middle School,,NXEF2AA005513070137600,,ACER,,CBC- D-14,,,Microserve,22-06-2016,"-1,678",,,CHROMEBOOK CART
114,134807,Acer Chromebook 3205U-1.5GHz 4GB 16GB-SSD MAC 6c2995540c3b,West Delta Middle School,,NXEF2AA00551305EB57600,,ACER,,CBC-F-15,,,Microserve,22-06-2016,"-1,678",,,CHROMEBOOK CART
115,134661,Acer Chromebook 3205U-1.5GHz 4GB 16GB-SSD MAC 6c2995540cc2,West Delta Middle School,,NXEF2AA005513070117600,,ACER,,CBC- E-4,,,Microserve,22-06-2016,"-1,678",,,CHROMEBOOK CART
116,134667,Acer Chromebook 3205U-1.5GHz 4GB 16GB-SSD MAC 6c2995540d26,West Delta Middle School,,NXEF2AA00551305EDE7600,,ACER,,CBC- E-10,,,Microserve,22-06-2016,"-1,678",,,CHROMEBOOK CART
117,134663,Acer Chromebook 3205U-1.5GHz 4GB 16GB-SSD MAC 6c2995540d3f,West Delta Middle School,,NXEF2AA00551306FFB7600,,ACER,,CBC- E-6,,,Microserve,22-06-2016,"-1,678",,,CHROMEBOOK CART
118,134888,Acer Chromebook 3205U-1.5GHz 4GB 16GB-SSD MAC 6c2995541aaa,West Delta Middle School,,NXEF2AA00551305D5A7600,,ACER,,SD-12,,,Microserve,22-06-2016,"-1,678",,,CHROMEBOOK CART
119,134633,Acer Chromebook 3205U-1.5GHz 4GB 16GB-SSD MAC 6c2995541ec9,West Delta Middle School,,NXEF2AA00551306FF87600,,ACER,,CBC- C-6,,,Microserve,22-06-2016,"-1,678",,,CHROMEBOOK CART
120,134880,Acer Chromebook 3205U-1.5GHz 4GB 16GB-SSD MAC 6c29955447c3,West Delta Middle School,,NXEF2AA00551305DBE7600,,ACER,,SD-CBC-I-04,,,Microserve,22-06-2016,"-1,678",0.00,,CHROMEBOOK CART
121,134806,Acer Chromebook 3205U-1.5GHz 4GB 16GB-SSD MAC 6c2995544845,West Delta Middle School,,NXEF2AA00551305D5B7600,,ACER,,CBC-F-14,,,Microserve,22-06-2016,"-1,678",,,CHROMEBOOK CART
122,134826,Acer Chromebook 3205U-1.5GHz 4GB 16GB-SSD MAC 6c2995559155,West Delta Middle School,,NXEF2AA0055130619C7600,,ACER,,CBC-H-4,,,Microserve,22-06-2016,"-1,678",,,CHROMEBOOK CART
123,134829,Acer Chromebook 3205U-1.5GHz 4GB 16GB-SSD MAC 6c299555918c,West Delta Middle School,,NXEF2AA005513061A37600,,ACER,,CBC-H-7,,,Microserve,22-06-2016,"-1,678",,,CHROMEBOOK CART
124,134831,Acer Chromebook 3205U-1.5GHz 4GB 16GB-SSD MAC 6c299555a767,West Delta Middle School,,NXEF2AA005513061C57600,,ACER,,CBC-H-9,,,Microserve,22-06-2016,"-1,678",,,CHROMEBOOK CART
125,134891,Acer Chromebook 3205U-1.5GHz 4GB 16GB-SSD MAC 6c299555ad7f,West Delta Middle School,,NXEF2AA0055130620F7600,,ACER,,SD-15,,,Microserve,22-06-2016,"-1,678",,,CHROMEBOOK CART
126,134827,Acer Chromebook 3205U-1.5GHz 4GB 16GB-SSD MAC 6c299555bc93,West Delta Middle School,,NXEF2AA005513061C27600,,ACER,,CBC-H-5,,,Microserve,22-06-2016,"-1,678",,,CHROMEBOOK CART
127,134657,Acer Chromebook 3205U-1.5GHz 4GB 16GB-SSD MAC 6c299555f983,West Delta Middle School,,NXEF2AA005513061AE7600,,ACER,,CBC- D-15,,,Microserve,22-06-2016,"-1,678",,,CHROMEBOOK CART
128,134834,Acer Chromebook 3205U-1.5GHz 4GB 16GB-SSD MAC 6c2995563024,West Delta Middle School,,NXEF2AA005513061CE7600,,ACER,,CBC-H-12,,,Microserve,22-06-2016,"-1,678",,,CHROMEBOOK CART
129,134889,Acer Chromebook 3205U-1.5GHz 4GB 16GB-SSD MAC 6c299556476c,West Delta Middle School,,NXEF2AA005513061C87600,,ACER,,SD-13,,,Microserve,22-06-2016,"-1,678",,,CHROMEBOOK CART
130,131694,Acer Chromebook 3205U-1.5GHz 4GB 16GB-SSD Mac-6c29955229fc,West Delta Middle School,C740,NXEF2AA00551225BDE7600,,ACER,,CBC- C-14,,,Microserve,1-06-2016,"-1,699",0.00,,Cart
131,131686,Acer Chromebook 3205U-1.5GHz 4GB 16GB-SSD Mac-6c2995525305,West Delta Middle School,C740,NXEF2AA00551305E857600,,ACER,,Alvin Chu,,,Microserve,1-06-2016,"-1,699",,,CLASSROOM
132,131685,Acer Chromebook 3205U-1.5GHz 4GB 16GB-SSD Mac-6c299553dff4,West Delta Middle School,C740,NXEF2AA00551305EA37600,,ACER,,SD - Library,,,Microserve,1-06-2016,"-1,699",,,CLASSROOM
133,131725,Acer Chromebook 3205U-1.5GHz 4GB 16GB-SSD MAC-6C299553EED1,West Delta Middle School,C740,NXEF2AA00551305E407600,,ACER,,CBC-G2,,,Microserve,1-06-2016,"-1,699",0.00,,CLASSROOM
134,131674,Acer Chromebook 3205U-1.5GHz 4GB 16GB-SSD Mac-6c299553fea8,West Delta Middle School,C740,NXEF2AA00551305EC17600,,ACER,,Joanne McGregor,,,Microserve,1-06-2016,"-1,699",,,CLASSROOM
135,131687,Acer Chromebook 3205U-1.5GHz 4GB 16GB-SSD Mac-6c2995540754,West Delta Middle School,C740,NXEF2AA00551305E7D7600,,ACER,,Kevin Taggart,,,Microserve,1-06-2016,"-1,699",,,CLASSROOM
136,131675,Acer Chromebook 3205U-1.5GHz 4GB 16GB-SSD Mac-6c2995540c40,West Delta Middle School,C740,NXEF2AA00551305F187600,,ACER,,Trisha Johnson,,,Microserve,1-06-2016,"-1,699",,,CLASSROOM
137,135821,Acer Chromebook 3205U-1.5GHz 4GB 16GB-SSD MAC-6c29955f4e98,West Delta Middle School,C740,NXEF2AA0055150496A7600,,ACER,,Kate Smith,,,Microserve,1-06-2016,"-1,699",0.00,,CLASSROOM
138,135830,Acer Chromebook 3205U-1.5GHz 4GB 16GB-SSD MAC-6C2995AE4386,West Delta Middle School,C740,NXEF2AA0055321E5F87600,,ACER,,Tara Jones,,,Microserve,1-06-2016,"-1,699",,,CLASSROOM
139,134884,Acer Chromebook 3205U-1.5GHz 4GB 16GB-SSD MAC6c2995465983,West Delta Middle School,,NXEF2AA00550807EEC7600,,ACER,,SD-CBC-I-08,,,Microserve,22-06-2016,"-1,678",0.00,,CHROMEBOOK CART
140,134669,Acer Chromebook 3205U-1.5GHz 4GB 16GB-SSD MAC6c2995504dee,West Delta Middle School,,NXEF2AA00551305E667600,,ACER,,CBC- E-12,,,Microserve,22-06-2016,"-1,678",,,CHROMEBOOK CART
141,138101,Acer Chromebook 3205U-1.5GHz 4GB 16GB-SSD MAC6C2995C468A0,West Delta Middle School,,NXEF2AA005608103CA7600,,ACER,,Kristie Allie,,,Microserve,6-06-2017,"-1,329",0.00,,
142,136061,Acer Chromebook 3205U-1.5GHz 4GB 16GB-SSD MAC6C2995C5A57B,West Delta Middle School,,NXEF2AA005603092427600,,ACER,,CBC-F12,,,Microserve,4-04-2017,"-1,392",0.00,,CHROMEBOOK CART
143,140620,Dell Chromebook 11 3100 4GB 16GB-SSD MAC-04EA5695D760,West Delta Middle School,,64ZBZW2,Christy Jones,Dell,,Inclusive Learning,,,,11-06-2022,502,0.00,,
144,141610,Dell Chromebook 3100 4GB 16GB-SSD MAC-60F2623227F1,West Delta Middle School,,BMNWN13,replacement for vandalized chromebook,Dell,,SD-CBC-H-02,,,Dell Canada Inc.,25-02-2023,761,0.00,,
145,141769,Dell Chromebook 3100 4GB 16GB-SSD MAC04ED330140BE,West Delta Middle School,Inclusive Learning purchased,4MLLN73,Iris Chu,Dell,,Barry Wong,,,Dell Canada Inc.,25-11-2023,"1,034",0.00,,
146,140431,Dell Chromebook 3120 4GB 16GB-SSD MAC-38DEADCBFF75,West Delta Middle School,,BCDSNQ2,Inclusive Learning,Dell,,Missy Elliot,,,Dell Canada Inc.,10-07-2021,166,0.00,,
147,140044,Dell Chromebook 3120 4GB 16GB-SSD MAC-38DEADCC0565,West Delta Middle School,,66WXNQ2,LST-Kit1-01,Dell,,LST,,,Dell Canada Inc.,10-07-2021,166,0.00,,Supportive Learning ´roaming´ cart of 5 Chromebooks for Learning Assistance Teachers